,id,idioms,ABnn,AnBn,AnnB,nABn,nAnB,nnAB,PTT_WomenTalk,China_text,Apple_text,PTT_Hate,PTT_Gossiping,PTT_AllTogether,pooled
485,486,一模一樣,0,0,0,0,1,0,471,4374,2305,46,550,16,7762
580,581,獨一無二,0,1,0,0,0,0,95,4064,1802,14,68,55,6098
368,369,五花八門,0,0,0,0,1,0,33,4232,1166,3,75,6,5515
429,430,一舉一動,0,0,0,0,1,0,54,2907,1457,10,74,4,4506
223,224,一年一度,0,0,0,0,1,0,61,2427,1551,3,116,69,4227
26,27,亂七八糟,0,0,1,0,0,0,304,1958,1216,116,458,56,4108
602,603,接二連三,0,1,0,0,0,0,25,2867,1128,15,33,4,4072
929,930,四面八方,0,0,0,0,1,0,25,2554,499,8,52,8,3146
71,72,數一數二,0,1,0,0,0,0,38,1842,729,8,148,16,2781
780,781,半信半疑,0,0,0,0,1,0,73,1760,861,1,41,3,2739
944,945,成千上萬,0,1,0,0,0,0,28,1794,729,7,76,4,2638
173,174,一清二楚,0,0,0,0,1,0,94,1499,910,26,91,4,2624
287,288,三更半夜,0,0,0,0,1,0,63,1560,818,44,48,12,2545
640,641,一落千丈,0,0,0,0,1,0,16,1650,780,0,37,1,2484
945,946,五顏六色,0,0,0,0,1,0,19,1938,449,1,37,3,2447
443,444,四通八達,0,0,0,0,1,0,2,1354,1036,0,18,1,2411
657,658,一波三折,0,0,0,0,1,0,6,1749,632,1,8,3,2399
123,124,七嘴八舌,0,0,0,0,1,0,18,1734,536,3,23,2,2316
563,564,千奇百怪,0,0,0,0,1,0,36,1587,579,3,60,6,2271
386,387,千篇一律,0,0,0,0,1,0,54,1601,485,4,62,11,2217
777,778,一乾二淨,0,0,0,0,1,0,50,1359,616,17,59,2,2103
701,702,千變萬化,0,0,0,0,1,0,9,1633,392,0,24,3,2061
676,677,千方百計,0,0,0,0,1,0,23,1256,610,4,42,0,1935
658,659,千辛萬苦,0,0,0,0,1,0,26,1208,564,9,44,5,1856
818,819,說三道四,0,1,0,0,0,0,38,1170,536,5,60,0,1809
352,353,一心一意,0,0,0,0,1,0,31,1296,358,5,19,11,1720
551,552,一來一往,0,0,0,0,1,0,59,792,594,6,53,13,1517
75,76,一知半解,0,0,0,0,1,0,30,1063,312,9,59,2,1475
694,695,十全十美,0,0,0,0,1,0,34,1051,341,4,15,11,1456
149,150,正經八百,1,0,0,0,0,0,20,731,631,3,17,8,1410
964,965,五光十色,0,0,0,0,1,0,0,1028,343,0,13,6,1390
211,212,千呼萬喚,0,0,0,0,1,0,3,1140,170,0,11,1,1325
890,891,一板一眼,0,0,0,0,1,0,18,720,363,0,20,58,1179
562,563,感慨萬千,1,0,0,0,0,0,6,799,341,1,11,1,1159
215,216,千瘡百孔,0,0,0,0,1,0,11,725,388,3,13,1,1141
880,881,千千萬萬,1,1,1,1,1,1,41,657,288,23,117,7,1133
888,889,一生一世,0,0,0,0,1,0,17,572,503,3,17,10,1122
279,280,四分五裂,0,0,0,0,1,0,11,674,375,5,29,0,1094
873,874,四平八穩,0,0,0,0,1,0,3,805,265,0,21,0,1094
205,206,千頭萬緒,0,0,0,0,1,0,5,842,211,3,10,1,1072
765,766,一分為二,0,0,0,1,0,0,5,682,365,1,17,1,1071
61,62,一言一行,0,0,0,0,1,0,13,626,398,4,21,0,1062
764,765,千言萬語,0,0,0,0,1,0,15,763,236,10,15,22,1061
943,944,萬無一失,0,0,0,0,1,0,7,621,389,3,23,1,1044
743,744,一朝一夕,0,0,0,0,1,0,14,815,183,3,22,0,1037
771,772,半推半就,0,0,0,0,1,0,27,451,488,5,12,1,984
785,786,七上八下,0,0,0,0,1,0,4,733,233,2,10,0,982
639,640,三位一體,0,0,0,0,1,0,22,646,232,3,74,2,979
150,151,三三兩兩,0,0,0,0,0,1,6,834,62,1,12,1,916
538,539,千絲萬縷,0,0,0,0,1,0,2,565,276,1,6,0,850
365,366,三姑六婆,0,0,0,0,1,0,66,475,233,14,55,5,848
240,241,三令五申,0,0,0,0,1,0,4,610,212,0,9,0,835
594,595,十拿九穩,0,0,0,0,1,0,3,553,263,1,11,0,831
509,510,七手八腳,0,0,0,0,1,0,1,672,154,2,0,0,829
372,373,百戰百勝,0,0,0,0,1,0,13,541,206,1,47,3,811
290,291,百依百順,0,0,0,0,1,0,30,247,464,4,18,7,770
796,797,九牛一毛,0,0,0,0,1,0,9,444,292,0,21,1,767
733,734,九牛二虎,0,0,0,0,1,0,3,561,154,1,8,0,727
116,117,一了百了,0,0,0,0,1,0,20,466,182,7,27,0,702
54,55,七情六慾,0,0,0,0,1,0,6,306,360,2,20,2,696
705,706,五湖四海,0,0,0,0,1,0,1,587,93,0,10,2,693
373,374,七零八落,0,0,0,0,1,0,9,528,138,2,12,1,690
336,337,一五一十,1,1,1,1,1,1,16,386,267,3,15,0,687
379,380,一擲千金,0,0,0,0,1,0,1,453,219,0,5,4,682
302,303,一絲一毫,0,0,0,0,1,0,13,524,128,3,13,0,681
94,95,千鈞一髮,0,0,0,0,1,0,5,499,161,1,12,1,679
617,618,顛三倒四,0,1,0,0,0,0,13,460,170,9,17,1,670
143,144,十萬火急,0,0,0,0,0,1,5,543,81,4,8,1,642
843,844,三十而立,0,0,0,0,0,1,6,428,172,2,15,11,634
55,56,一年半載,0,0,0,0,1,0,13,424,147,4,29,3,620
738,739,千軍萬馬,0,0,0,0,1,0,1,466,121,2,15,8,613
931,932,千山萬水,0,0,0,0,1,0,0,417,166,0,4,3,590
593,594,三心二意,0,0,0,0,1,0,23,351,179,8,5,12,578
411,412,五臟六腑,0,0,0,0,1,0,12,258,291,1,1,1,564
228,229,半斤八兩,0,0,0,0,1,0,40,265,196,7,52,0,560
484,485,一針一線,0,0,0,0,1,0,10,450,99,0,0,0,559
312,313,一筆一畫,0,0,0,0,1,0,7,511,36,0,4,0,558
204,205,千錘百鍊,0,0,0,0,1,0,1,435,107,0,10,0,553
255,256,千真萬確,0,0,0,0,1,0,15,371,130,5,23,3,547
643,644,三五成群,0,0,0,0,0,1,6,493,31,1,11,1,543
16,17,舉一反三,0,1,0,0,0,0,15,353,141,3,17,0,529
857,858,一時半刻,0,0,0,0,1,0,12,344,140,1,24,4,525
187,188,三教九流,0,0,0,0,1,0,5,349,136,1,15,1,507
306,307,歪七扭八,0,1,0,0,0,0,25,303,136,2,27,3,496
831,832,九死一生,0,0,0,0,1,0,2,419,51,0,23,1,496
630,631,一言九鼎,0,0,0,0,1,0,0,346,147,0,2,0,495
872,873,一草一木,0,0,0,0,1,0,1,416,70,0,4,1,492
179,180,雜七雜八,0,1,0,0,0,0,58,164,119,11,94,17,463
369,370,一日千里,0,0,0,0,1,0,1,385,65,1,8,1,461
56,57,一本萬利,0,0,0,0,1,0,4,257,181,0,5,0,447
408,409,一顰一笑,0,0,0,0,1,0,6,336,98,1,3,0,444
709,710,七老八十,1,0,0,1,1,0,8,267,121,6,13,1,416
624,625,三妻四妾,0,0,0,0,1,0,8,143,242,2,20,0,415
42,43,不三不四,0,1,0,0,0,0,12,291,61,4,36,1,405
241,242,七折八扣,0,0,0,0,1,0,1,325,58,0,3,0,387
314,315,萬紫千紅,0,0,0,0,1,0,0,335,35,0,1,1,372
76,77,挑三揀四,0,1,0,0,0,0,22,195,130,7,6,3,363
525,526,一石二鳥,0,0,0,0,1,0,3,151,180,0,18,2,354
517,518,三跪九叩,0,0,0,0,1,0,4,284,46,2,14,1,351
338,339,百發百中,0,0,0,0,1,0,4,170,159,0,18,0,351
272,273,一瀉千里,0,0,0,0,1,0,1,233,99,0,11,0,344
114,115,三十六計,0,0,1,0,1,1,1,296,38,1,6,0,342
59,60,三頭六臂,0,0,0,0,1,0,6,215,109,1,6,1,338
178,179,一呼百諾,0,0,0,0,1,0,2,253,80,0,3,0,338
953,954,百密一疏,0,0,0,0,1,0,0,174,140,0,6,0,320
218,219,氣象萬千,1,0,0,0,0,0,0,267,34,0,0,0,301
320,321,四捨五入,0,0,0,0,1,0,11,46,162,1,29,49,298
552,553,四海一家,0,0,0,0,1,0,4,172,105,0,3,0,284
135,136,一兵一卒,0,0,0,0,1,0,1,166,89,0,22,1,279
80,81,丟三落四,0,1,0,0,0,0,19,126,125,0,1,3,274
188,189,推三阻四,0,1,0,0,0,0,2,182,80,6,4,0,274
641,642,朝三暮四,0,1,0,0,0,0,9,177,56,0,24,1,267
378,379,半夜三更,0,0,0,0,1,0,2,165,88,3,5,1,264
107,108,千嬌百媚,0,0,0,0,1,0,2,188,66,0,5,0,261
236,237,千刀萬剮,0,0,0,0,1,0,7,147,95,2,8,0,259
651,652,千迴百轉,0,0,0,0,1,0,2,178,62,0,2,0,244
275,276,三從四德,0,0,0,0,1,0,14,91,116,0,20,2,243
897,898,十有八九,1,0,0,1,1,0,10,125,78,1,13,0,227
683,684,橫七豎八,0,1,0,0,0,0,0,196,18,0,0,0,214
222,223,一字千金,0,0,0,0,1,0,2,176,33,0,3,0,214
478,479,張三李四,0,1,0,0,0,0,0,149,35,0,16,0,200
506,507,一官半職,0,0,0,0,1,0,0,128,45,0,6,0,179
309,310,千秋萬世,0,0,0,0,1,0,0,106,43,1,26,0,176
914,915,七拼八湊,0,0,0,0,1,0,1,121,48,0,4,0,174
626,627,萬眾一心,0,0,0,0,1,0,0,131,27,0,14,0,172
792,793,掛一漏萬,0,1,0,0,0,0,0,104,55,0,1,0,160
389,390,三申五令,0,0,0,0,1,0,0,86,66,0,3,0,155
935,936,一呼百應,0,0,0,0,1,0,2,108,17,1,16,0,144
141,142,百孔千瘡,0,0,0,0,1,0,0,137,2,0,0,0,139
282,283,十二金釵,0,0,0,0,0,1,0,105,31,0,1,0,137
600,601,九五之尊,0,0,0,0,0,1,0,102,24,0,5,0,131
349,350,二八年華,0,0,0,0,0,1,4,111,8,1,4,2,130
321,322,說一不二,0,1,0,0,0,0,2,56,65,0,3,1,127
598,599,四四方方,0,0,0,0,0,1,5,79,29,0,7,0,120
748,749,千迴百折,0,0,0,0,1,0,0,63,46,0,1,0,110
841,842,一諾千金,0,0,0,0,1,0,0,57,48,0,3,1,109
531,532,百萬雄師,0,0,0,0,0,1,0,91,3,0,3,8,105
124,125,一唱一和,0,0,0,0,1,0,1,85,13,0,0,0,99
737,738,三魂七魄,0,0,0,0,1,0,2,39,46,1,7,0,95
736,737,聞一知十,0,1,0,0,0,0,0,13,79,0,0,0,92
326,327,二八佳人,0,0,0,0,0,1,1,87,2,0,1,0,91
95,96,一鱗半爪,0,0,0,0,1,0,0,90,0,0,0,0,90
394,395,成千成萬,0,1,0,0,0,0,0,70,20,0,0,0,90
591,592,七七八八,1,1,1,1,1,1,1,64,3,5,15,1,89
148,149,殺一儆百,0,1,0,0,0,0,0,68,17,0,2,0,87
605,606,四維八德,0,0,0,0,1,0,3,48,23,0,11,0,85
613,614,千門萬戶,0,0,0,0,1,0,0,83,1,0,0,0,84
225,226,千叮萬囑,0,0,0,0,1,0,2,48,32,0,0,0,82
597,598,半真半假,0,0,0,0,1,0,4,63,8,1,2,0,78
316,317,千差萬別,0,0,0,0,1,0,0,38,38,0,2,0,78
885,886,儀態萬千,1,0,0,0,0,0,0,69,7,0,0,0,76
489,490,再三再四,0,1,0,0,0,0,0,9,64,0,0,0,73
881,882,萬水千山,0,0,0,0,1,0,0,53,19,0,1,0,73
88,89,千人一面,0,0,0,0,1,0,0,71,0,0,1,0,72
939,940,七情六欲,0,0,0,0,1,0,2,53,13,1,2,0,71
10,11,百子千孫,0,0,0,0,1,0,0,47,19,1,1,0,68
895,896,一飲一啄,0,0,0,0,1,0,0,6,62,0,0,0,68
963,964,一長一短,0,0,0,0,1,0,2,42,18,0,3,0,65
419,420,一東一西,0,0,0,0,1,0,0,49,13,0,0,0,62
130,131,一式一樣,0,0,0,0,1,0,0,61,0,0,0,0,61
413,414,萬萬千千,1,1,1,1,1,1,0,58,0,0,0,0,58
731,732,三年五載,0,0,0,0,1,0,0,36,22,0,0,0,58
162,163,低三下四,0,1,0,0,0,0,1,33,21,0,0,0,55
680,681,千錘百煉,0,0,0,0,1,0,1,44,9,0,1,0,55
265,266,十室九空,0,0,0,0,1,0,0,51,0,0,3,0,54
875,876,夜半三更,0,0,1,0,0,0,0,52,0,0,0,0,52
719,720,千恩萬謝,0,0,0,0,1,0,2,22,26,0,1,0,51
102,103,十天半月,0,0,0,0,1,0,1,31,18,0,1,0,51
476,477,三番五次,0,0,0,0,1,0,1,50,0,0,0,0,51
423,424,百無一用,0,0,0,0,1,0,0,25,24,0,0,1,50
863,864,上千上萬,0,1,0,0,0,0,3,31,6,1,9,0,50
153,154,三綱五常,0,0,0,0,1,0,3,33,12,0,1,0,49
902,903,四方八面,0,0,0,0,1,0,0,39,4,0,0,5,48
29,30,七橫八豎,0,0,0,0,1,0,0,33,14,0,0,0,47
58,59,朝四暮三,0,1,0,0,0,0,0,28,18,0,1,0,47
81,82,三皇五帝,0,0,0,0,1,0,0,28,12,0,7,0,47
606,607,十三太保,0,0,0,0,0,1,0,30,0,0,17,0,47
77,78,千難萬難,0,0,0,0,1,0,1,45,0,0,0,0,46
339,340,千秋萬歲,0,0,0,0,1,0,0,44,0,0,1,0,45
645,646,一舉二得,0,0,0,0,1,0,2,11,26,1,4,0,44
109,110,一心一德,0,0,0,0,1,0,0,40,3,0,1,0,44
459,460,千依百順,0,0,0,0,1,0,1,8,31,0,1,0,41
163,164,說一是一,0,1,0,0,0,0,1,30,6,0,3,0,40
948,949,一字一淚,0,0,0,0,1,0,0,28,11,0,0,0,39
278,279,百萬雄兵,0,0,0,0,0,1,0,31,4,0,0,0,35
25,26,萬世一系,0,0,0,0,1,0,2,23,6,0,4,0,35
864,865,千山萬壑,0,0,0,0,1,0,0,34,0,0,0,0,34
959,960,一粥一飯,0,0,0,0,1,0,0,33,0,0,0,0,33
783,784,三十三天,0,0,1,0,1,1,1,5,25,0,0,1,32
614,615,烏七八糟,0,0,1,0,0,0,0,14,16,0,1,0,31
726,727,千秋萬代,0,0,0,0,1,0,0,15,10,0,1,0,26
625,626,一來二去,0,0,0,0,1,0,1,25,0,0,0,0,26
465,466,一男半女,0,0,0,0,1,0,0,6,19,0,0,0,25
151,152,三宮六院,0,0,0,0,1,0,1,21,0,0,2,0,24
420,421,三男四女,0,0,0,0,1,0,2,12,8,0,0,2,24
221,222,一張一弛,0,0,0,0,1,0,0,21,0,0,0,0,21
692,693,一曝十寒,0,0,0,0,1,0,0,20,0,0,0,0,20
603,604,丟三忘四,0,1,0,0,0,0,0,7,12,0,0,0,19
786,787,千巖萬壑,0,0,0,0,1,0,0,19,0,0,0,0,19
789,790,一目十行,0,0,0,0,1,0,0,12,2,0,5,0,19
951,952,一悲一喜,0,0,0,0,1,0,0,6,12,0,0,0,18
37,38,半明半暗,0,0,0,0,1,0,0,17,1,0,0,0,18
168,169,一以當十,0,0,0,1,0,0,0,18,0,0,0,0,18
544,545,六韜三略,0,0,0,0,1,0,0,17,0,0,0,0,17
782,783,一碧萬頃,0,0,0,0,1,0,0,17,0,0,0,0,17
67,68,一星半點,0,0,0,0,1,0,0,16,0,0,0,0,16
323,324,一擲百萬,1,0,0,1,1,0,0,4,12,0,0,0,16
793,794,三起三落,0,0,0,0,1,0,0,8,5,0,2,0,15
281,282,萬馬千軍,0,0,0,0,1,0,0,11,4,0,0,0,15
846,847,四時八節,0,0,0,0,1,0,0,14,0,0,0,0,14
136,137,一瘸一拐,0,0,0,0,1,0,0,6,7,0,1,0,14
332,333,一唱三歎,0,0,0,0,1,0,0,14,0,0,0,0,14
486,487,半開半掩,0,0,0,0,1,0,0,13,1,0,0,0,14
226,227,七張八嘴,0,0,0,0,1,0,0,14,0,0,0,0,14
383,384,橫七八豎,0,0,1,0,0,0,0,14,0,0,0,0,14
526,527,三三五五,1,1,1,1,1,1,0,12,0,0,1,0,13
227,228,萬語千言,0,0,0,0,1,0,0,7,6,0,0,0,13
104,105,三多九如,0,0,0,0,1,0,0,13,0,0,0,0,13
553,554,七子八婿,0,0,0,0,1,0,0,13,0,0,0,0,13
303,304,萬千氣象,0,0,0,0,0,1,0,13,0,0,0,0,13
147,148,準備萬一,1,0,0,0,0,0,1,4,7,0,0,0,12
522,523,八紘一宇,0,0,0,0,1,0,0,12,0,0,0,0,12
903,904,半死半活,0,0,0,0,1,0,0,0,10,1,1,0,12
328,329,人一己百,0,1,0,0,0,0,0,11,0,0,0,0,11
34,35,六十甲子,0,0,0,0,0,1,0,10,0,0,1,0,11
592,593,三災八難,0,0,0,0,1,0,0,11,0,0,0,0,11
511,512,千愁萬恨,0,0,0,0,1,0,0,0,10,0,0,0,10
936,937,七上八落,0,0,0,0,1,0,0,10,0,0,0,0,10
762,763,盈千累萬,0,1,0,0,0,0,0,10,0,0,0,0,10
669,670,七通八達,0,0,0,0,1,0,0,10,0,0,0,0,10
611,612,十不得一,0,0,0,1,0,0,0,10,0,0,0,0,10
195,196,七擒七縱,0,0,0,0,1,0,0,2,4,0,3,0,9
662,663,百紫千紅,0,0,0,0,1,0,0,9,0,0,0,0,9
716,717,五勞七傷,0,0,0,0,1,0,0,8,0,0,1,0,9
118,119,半吞半吐,0,0,0,0,1,0,0,9,0,0,0,0,9
637,638,一口一聲,0,0,0,0,1,0,1,8,0,0,0,0,9
642,643,千回百折,0,0,0,0,1,0,0,0,8,0,0,0,8
561,562,千年萬載,0,0,0,0,1,0,0,8,0,0,0,0,8
565,566,以一當十,0,1,0,0,0,0,0,7,0,0,1,0,8
91,92,一清二白,0,0,0,0,1,0,1,7,0,0,0,0,8
261,262,千端萬緒,0,0,0,0,1,0,0,8,0,0,0,0,8
140,141,萬縷千絲,0,0,0,0,1,0,0,8,0,0,0,0,8
78,79,半人半鬼,0,0,0,0,1,0,0,3,4,0,1,0,8
362,363,一言半語,0,0,0,0,1,0,0,6,2,0,0,0,8
573,574,一刻千金,0,0,0,0,1,0,0,4,4,0,0,0,8
180,181,懲一儆百,0,1,0,0,0,0,0,0,8,0,0,0,8
182,183,三六九等,0,0,1,0,1,1,1,1,0,0,5,0,7
310,311,半生半熟,0,0,0,0,1,0,0,7,0,0,0,0,7
229,230,七老八老,0,0,0,0,1,0,0,5,0,1,0,1,7
473,474,一日三秋,0,0,0,0,1,0,1,5,0,0,1,0,7
871,872,千慮一失,0,0,0,0,1,0,0,7,0,0,0,0,7
234,235,七個八個,0,0,0,0,1,0,2,4,0,0,1,0,7
807,808,兩兩三三,1,0,0,0,0,0,0,0,6,0,1,0,7
813,814,吆五喝六,0,1,0,0,0,0,0,7,0,0,0,0,7
830,831,七長八短,0,0,0,0,1,0,0,7,0,0,0,0,7
98,99,千金一擲,0,0,0,0,1,0,0,6,0,0,0,0,6
441,442,八荒九垓,0,0,0,0,1,0,0,6,0,0,0,0,6
883,884,一時半晌,0,0,0,0,1,0,0,1,4,0,1,0,6
83,84,橫三豎四,0,1,0,0,0,0,0,6,0,0,0,0,6
810,811,一呼四應,0,0,0,0,1,0,0,6,0,0,0,0,6
283,284,千刀萬剁,0,0,0,0,1,0,0,6,0,0,0,0,6
337,338,腰纏十萬,1,0,0,0,0,0,0,6,0,0,0,0,6
4,5,八花九裂,0,0,0,0,1,0,0,5,0,0,0,0,5
454,455,百中無一,0,0,0,1,0,0,0,5,0,0,0,0,5
450,451,千奇萬狀,0,0,0,0,1,0,0,5,0,0,0,0,5
616,617,九儒十丐,0,0,0,0,1,0,0,2,0,0,3,0,5
604,605,百無一失,0,0,0,0,1,0,0,5,0,0,0,0,5
788,789,百媚千嬌,0,0,0,0,1,0,0,1,4,0,0,0,5
47,48,萬苦千辛,0,0,0,0,1,0,0,4,0,0,0,1,5
589,590,十二金人,0,0,0,0,0,1,0,5,0,0,0,0,5
370,371,一步一趨,0,0,0,0,1,0,0,3,0,0,1,0,4
816,817,一樹百穫,0,0,0,0,1,0,0,4,0,0,0,0,4
933,934,十二時辰,0,0,0,0,0,1,0,2,0,0,2,0,4
528,529,一唱三嘆,0,0,0,0,1,0,0,4,0,0,0,0,4
791,792,三千世界,0,0,0,0,0,1,0,1,0,0,3,0,4
347,348,五癆七傷,0,0,0,0,1,0,0,4,0,0,0,0,4
717,718,千乘萬騎,0,0,0,0,1,0,0,0,0,3,0,0,3
127,128,千萬買鄰,0,0,0,0,0,1,0,3,0,0,0,0,3
927,928,千縷萬絲,0,0,0,0,1,0,0,2,0,0,0,1,3
840,841,五洲四海,0,0,0,0,1,0,0,3,0,0,0,0,3
214,215,一死一生,0,0,0,0,1,0,0,3,0,0,0,0,3
564,565,千緒萬端,0,0,0,0,1,0,0,2,0,0,0,0,2
438,439,千方萬計,0,0,0,0,1,0,0,2,0,0,0,0,2
414,415,三千弟子,0,0,0,0,0,1,0,1,0,0,1,0,2
433,434,百無一是,0,0,0,0,1,0,0,2,0,0,0,0,2
706,707,千兵萬馬,0,0,0,0,1,0,0,2,0,0,0,0,2
396,397,千喚萬喚,0,0,0,0,1,0,0,0,2,0,0,0,2
575,576,萬死一生,0,0,0,0,1,0,0,2,0,0,0,0,2
850,851,三年五歲,0,0,0,0,1,0,0,2,0,0,0,0,2
806,807,十二金牌,0,0,0,0,0,1,0,2,0,0,0,0,2
110,111,一觴一詠,0,0,0,0,1,0,0,2,0,0,0,0,2
919,920,千推萬阻,0,0,0,0,1,0,0,1,1,0,0,0,2
251,252,一龍一蛇,0,0,0,0,1,0,0,0,2,0,0,0,2
851,852,半疑半信,0,0,0,0,1,0,0,0,2,0,0,0,2
499,500,一揮千金,0,0,0,0,1,0,0,1,0,0,0,0,1
760,761,千載一逢,0,0,0,0,1,0,0,0,0,0,1,0,1
660,661,千難萬險,0,0,0,0,1,0,0,1,0,0,0,0,1
946,947,九鼎一言,0,0,0,0,1,0,0,1,0,0,0,0,1
757,758,伏屍百萬,1,0,0,0,0,0,0,0,0,0,1,0,1
233,234,一本十利,0,0,0,0,1,0,0,0,0,0,1,0,1
391,392,千古一人,0,0,0,0,1,0,0,0,0,0,1,0,1
121,122,一般無二,0,0,0,1,0,0,0,1,0,0,0,0,1
558,559,四六駢儷,0,0,0,0,0,1,1,0,0,0,0,0,1
542,543,一倡百和,0,0,0,0,1,0,0,1,0,0,0,0,1
249,250,千紅萬紫,0,0,0,0,1,0,0,1,0,0,0,0,1
397,398,四鄰八舍,0,0,0,0,1,0,0,0,0,0,1,0,1
96,97,百八煩惱,0,0,0,0,0,1,0,1,0,0,0,0,1
615,616,千鈞一發,0,0,0,0,1,0,0,0,0,0,1,0,1
663,664,一笑千金,0,0,0,0,1,0,0,1,0,0,0,0,1
858,859,千思萬想,0,0,0,0,1,0,1,0,0,0,0,0,1
774,775,五十笑百,0,1,0,1,0,1,0,1,0,0,0,0,1
376,377,十萬火速,0,0,0,0,0,1,0,0,1,0,0,0,1
772,773,推三拉四,0,1,0,0,0,0,0,0,0,0,1,0,1
718,719,年方二八,1,0,0,0,0,0,0,0,0,0,1,0,1
100,101,八字一撇,0,0,0,0,1,0,0,0,0,0,1,0,1
569,570,一唱百和,0,0,0,0,1,0,0,1,0,0,0,0,1
702,703,百里挑一,0,0,0,1,0,0,0,0,1,0,0,0,1
44,45,一緣一會,0,0,0,0,1,0,0,0,1,0,0,0,1
887,888,一言千金,0,0,0,0,1,0,0,0,0,0,0,0,0
629,630,三茶六飯,0,0,0,0,1,0,0,0,0,0,0,0,0
877,878,萬無一矢,0,0,0,0,1,0,0,0,0,0,0,0,0
878,879,七孔八穿,0,0,0,0,1,0,0,0,0,0,0,0,0
891,892,一夕千念,0,0,0,0,1,0,0,0,0,0,0,0,0
644,645,四拾五入,0,0,0,0,1,0,0,0,0,0,0,0,0
879,880,七股八權,0,0,0,0,1,0,0,0,0,0,0,0,0
636,637,八索九丘,0,0,0,0,1,0,0,0,0,0,0,0,0
882,883,一彼一此,0,0,0,0,1,0,0,0,0,0,0,0,0
884,885,千奇萬怪,0,0,0,0,1,0,0,0,0,0,0,0,0
634,635,五脊六獸,0,0,0,0,1,0,0,0,0,0,0,0,0
876,877,千嬌百態,0,0,0,0,1,0,0,0,0,0,0,0,0
638,639,一歲三遷,0,0,0,0,1,0,0,0,0,0,0,0,0
635,636,百慮一失,0,0,0,0,1,0,0,0,0,0,0,0,0
889,890,欺三瞞四,0,1,0,0,0,0,0,0,0,0,0,0,0
892,893,千篇一體,0,0,0,0,1,0,0,0,0,0,0,0,0
632,633,千墟萬落,0,0,0,0,1,0,0,0,0,0,0,0,0
633,634,三門四戶,0,0,0,0,1,0,0,0,0,0,0,0,0
886,887,千籌百計,0,0,0,0,1,0,0,0,0,0,0,0,0
960,961,四清六活,0,0,0,0,1,0,0,0,0,0,0,0,0
631,632,四亭八當,0,0,0,0,1,0,0,0,0,0,0,0,0
576,577,一手一足,0,0,0,0,1,0,0,0,0,0,0,0,0
646,647,一替一句,0,0,0,0,1,0,0,0,0,0,0,0,0
647,648,四分五落,0,0,0,0,1,0,0,0,0,0,0,0,0
861,862,千熔百煉,0,0,0,0,1,0,0,0,0,0,0,0,0
672,673,問一得三,0,1,0,0,0,0,0,0,0,0,0,0,0
671,672,千絲萬繯,0,0,0,0,1,0,0,0,0,0,0,0,0
670,671,一心無二,0,0,0,1,0,0,0,0,0,0,0,0,0
862,863,三還九轉,0,0,0,0,1,0,0,0,0,0,0,0,0
668,669,一千二淨,0,0,1,0,1,1,0,0,0,0,0,0,0
667,668,千孔百瘡,0,0,0,0,1,0,0,0,0,0,0,0,0
865,866,二意三心,0,0,0,0,1,0,0,0,0,0,0,0,0
666,667,七拼八補,0,0,0,0,1,0,0,0,0,0,0,0,0
665,666,三十六行,0,0,1,0,1,1,0,0,0,0,0,0,0
664,665,以一擊十,0,1,0,0,0,0,0,0,0,0,0,0,0
866,867,千岩萬谷,0,0,0,0,1,0,0,0,0,0,0,0,0
867,868,一夕五起,0,0,0,0,1,0,0,0,0,0,0,0,0
661,662,萬卉千葩,0,0,0,0,1,0,0,0,0,0,0,0,0
868,869,語四言三,0,1,0,0,0,0,0,0,0,0,0,0,0
659,660,萬選萬中,0,0,0,0,1,0,0,0,0,0,0,0,0
957,958,千思百計,0,0,0,0,1,0,0,0,0,0,0,0,0
958,959,拉三扯四,0,1,0,0,0,0,0,0,0,0,0,0,0
656,657,十日一雨,0,0,0,0,1,0,0,0,0,0,0,0,0
655,656,千金一壺,0,0,0,0,1,0,0,0,0,0,0,0,0
869,870,三戰三北,0,0,0,0,1,0,0,0,0,0,0,0,0
654,655,百杯百篇,0,0,0,0,1,0,0,0,0,0,0,0,0
653,654,屈一伸萬,0,1,0,0,0,0,0,0,0,0,0,0,0
652,653,五經四書,0,0,0,0,1,0,0,0,0,0,0,0,0
628,629,三街六巷,0,0,0,0,1,0,0,0,0,0,0,0,0
650,651,三等九格,0,0,0,0,1,0,0,0,0,0,0,0,0
649,650,一歲九遷,0,0,0,0,1,0,0,0,0,0,0,0,0
648,649,五穀五分,0,0,0,0,1,0,0,0,0,0,0,0,0
874,875,一心一計,0,0,0,0,1,0,0,0,0,0,0,0,0
870,871,千愁萬緒,0,0,0,0,1,0,0,0,0,0,0,0,0
621,622,七生八熟,0,0,0,0,1,0,0,0,0,0,0,0,0
627,628,察三訪四,0,1,0,0,0,0,0,0,0,0,0,0,0
587,588,七死八活,0,0,0,0,1,0,0,0,0,0,0,0,0
918,919,百二山河,0,0,0,0,0,1,0,0,0,0,0,0,0
596,597,一林二虎,0,0,0,0,1,0,0,0,0,0,0,0,0
920,921,萬不矢一,0,0,0,1,0,0,0,0,0,0,0,0,0
595,596,一斗百篇,0,0,0,0,1,0,0,0,0,0,0,0,0
921,922,十親九故,0,0,0,0,1,0,0,0,0,0,0,0,0
922,923,一言半詞,0,0,0,0,1,0,0,0,0,0,0,0,0
923,924,牽三掛四,0,1,0,0,0,0,0,0,0,0,0,0,0
924,925,三房四妾,0,0,0,0,1,0,0,0,0,0,0,0,0
590,591,一歹九徒,0,0,0,0,1,0,0,0,0,0,0,0,0
925,926,十圍五攻,0,0,0,0,1,0,0,0,0,0,0,0,0
926,927,一夕三遷,0,0,0,0,1,0,0,0,0,0,0,0,0
928,929,七顛八倒,0,0,0,0,1,0,0,0,0,0,0,0,0
941,942,千載一遇,0,0,0,0,1,0,0,0,0,0,0,0,0
588,589,四六夾開,0,0,0,0,0,1,0,0,0,0,0,0,0
586,587,一丘一壑,0,0,0,0,1,0,0,0,0,0,0,0,0
917,918,雄師百萬,1,0,0,0,0,0,0,0,0,0,0,0,0
585,586,三親四眷,0,0,0,0,1,0,0,0,0,0,0,0,0
584,585,十寒一暴,0,0,0,0,1,0,0,0,0,0,0,0,0
930,931,捱三頂五,0,1,0,0,0,0,0,0,0,0,0,0,0
962,963,一瞬千里,0,0,0,0,1,0,0,0,0,0,0,0,0
932,933,一出一人,0,0,0,0,1,0,0,0,0,0,0,0,0
934,935,四分五剖,0,0,0,0,1,0,0,0,0,0,0,0,0
583,584,以一知萬,0,1,0,0,0,0,0,0,0,0,0,0,0
582,583,一言一動,0,0,0,0,1,0,0,0,0,0,0,0,0
581,582,三平二滿,0,0,0,0,1,0,0,0,0,0,0,0,0
937,938,一日萬幾,0,0,0,0,1,0,0,0,0,0,0,0,0
579,580,一字一珠,0,0,0,0,1,0,0,0,0,0,0,0,0
578,579,百鍛千煉,0,0,0,0,1,0,0,0,0,0,0,0,0
938,939,一矉一笑,0,0,0,0,1,0,0,0,0,0,0,0,0
577,578,拔十失五,0,1,0,0,0,0,0,0,0,0,0,0,0
599,600,千章萬句,0,0,0,0,1,0,0,0,0,0,0,0,0
916,917,百縱千隨,0,0,0,0,1,0,0,0,0,0,0,0,0
893,894,千秋萬古,0,0,0,0,1,0,0,0,0,0,0,0,0
612,613,一千一方,0,0,1,0,1,1,0,0,0,0,0,0,0
894,895,一鼓一板,0,0,0,0,1,0,0,0,0,0,0,0,0
896,897,一食萬錢,0,0,0,0,1,0,0,0,0,0,0,0,0
623,624,一弛一張,0,0,0,0,1,0,0,0,0,0,0,0,0
622,623,九十為半,0,1,0,1,0,1,0,0,0,0,0,0,0
860,861,半間半界,0,0,0,0,1,0,0,0,0,0,0,0,0
898,899,一壑一立,0,0,0,0,1,0,0,0,0,0,0,0,0
620,621,三熏三沐,0,0,0,0,1,0,0,0,0,0,0,0,0
899,900,二心三意,0,0,0,0,1,0,0,0,0,0,0,0,0
619,620,三薰三沐,0,0,0,0,1,0,0,0,0,0,0,0,0
618,619,半吐半咽,0,0,0,0,1,0,0,0,0,0,0,0,0
900,901,百計千方,0,0,0,0,1,0,0,0,0,0,0,0,0
901,902,一遞一和,0,0,0,0,1,0,0,0,0,0,0,0,0
904,905,調三窩四,0,1,0,0,0,0,0,0,0,0,0,0,0
905,906,千條萬端,0,0,0,0,1,0,0,0,0,0,0,0,0
906,907,萬別千差,0,0,0,0,1,0,0,0,0,0,0,0,0
601,602,一物一制,0,0,0,0,1,0,0,0,0,0,0,0,0
907,908,丈一丈二,0,1,0,0,0,0,0,0,0,0,0,0,0
610,611,諷一勸百,0,1,0,0,0,0,0,0,0,0,0,0,0
609,610,二三其心,0,0,0,0,0,1,0,0,0,0,0,0,0
908,909,一步一鬼,0,0,0,0,1,0,0,0,0,0,0,0,0
909,910,挑三豁四,0,1,0,0,0,0,0,0,0,0,0,0,0
608,609,六張五角,0,0,0,0,1,0,0,0,0,0,0,0,0
942,943,三瓦四舍,0,0,0,0,1,0,0,0,0,0,0,0,0
607,608,四路八方,0,0,0,0,1,0,0,0,0,0,0,0,0
910,911,三沐三薰,0,0,0,0,1,0,0,0,0,0,0,0,0
911,912,言三語四,0,1,0,0,0,0,0,0,0,0,0,0,0
912,913,千態萬狀,0,0,0,0,1,0,0,0,0,0,0,0,0
913,914,一人當百,0,0,0,1,0,0,0,0,0,0,0,0,0
915,916,一物一主,0,0,0,0,1,0,0,0,0,0,0,0,0
961,962,一觴一永,0,0,0,0,1,0,0,0,0,0,0,0,0
673,674,九生一毛,0,0,0,0,1,0,0,0,0,0,0,0,0
856,857,萬物一齊,0,0,0,0,1,0,0,0,0,0,0,0,0
674,675,六街九陽,0,0,0,0,1,0,0,0,0,0,0,0,0
739,740,劃一不二,0,1,0,0,0,0,0,0,0,0,0,0,0
750,751,百二關山,0,0,0,0,0,1,0,0,0,0,0,0,0
749,750,少一缺二,0,1,0,0,0,0,0,0,0,0,0,0,0
804,805,成千論萬,0,1,0,0,0,0,0,0,0,0,0,0,0
747,748,七零八散,0,0,0,0,1,0,0,0,0,0,0,0,0
746,747,一饋十起,0,0,0,0,1,0,0,0,0,0,0,0,0
745,746,一字百金,0,0,0,0,1,0,0,0,0,0,0,0,0
805,806,萬國九州,0,0,0,0,1,0,0,0,0,0,0,0,0
808,809,一言一淚,0,0,0,0,1,0,0,0,0,0,0,0,0
809,810,舉十知九,0,1,0,0,0,0,0,0,0,0,0,0,0
744,745,調三斡四,0,1,0,0,0,0,0,0,0,0,0,0,0
811,812,三親六故,0,0,0,0,1,0,0,0,0,0,0,0,0
742,743,撥萬輪千,0,1,0,0,0,0,0,0,0,0,0,0,0
741,742,三仕三已,0,0,0,0,1,0,0,0,0,0,0,0,0
740,741,七了八當,0,0,0,0,1,0,0,0,0,0,0,0,0
812,813,一酬一酢,0,0,0,0,1,0,0,0,0,0,0,0,0
751,752,誅一警百,0,1,0,0,0,0,0,0,0,0,0,0,0
814,815,一班半點,0,0,0,0,1,0,0,0,0,0,0,0,0
815,816,三上五落,0,0,0,0,1,0,0,0,0,0,0,0,0
817,818,百依百隨,0,0,0,0,1,0,0,0,0,0,0,0,0
735,736,三回五次,0,0,0,0,1,0,0,0,0,0,0,0,0
947,948,千歡萬喜,0,0,0,0,1,0,0,0,0,0,0,0,0
734,735,萬無一誤,0,0,0,0,1,0,0,0,0,0,0,0,0
819,820,拔十得五,0,1,0,0,0,0,0,0,0,0,0,0,0
732,733,六通四闢,0,0,0,0,1,0,0,0,0,0,0,0,0
820,821,千倉萬庫,0,0,0,0,1,0,0,0,0,0,0,0,0
730,731,八紘一字,0,0,0,0,1,0,0,0,0,0,0,0,0
729,730,九烈三貞,0,0,0,0,1,0,0,0,0,0,0,0,0
728,729,一技一能,0,0,0,0,1,0,0,0,0,0,0,0,0
727,728,百金一諾,0,0,0,0,1,0,0,0,0,0,0,0,0
821,822,殲一警百,0,1,0,0,0,0,0,0,0,0,0,0,0
803,804,一謙四益,0,0,0,0,1,0,0,0,0,0,0,0,0
752,753,三眼一板,0,0,0,0,1,0,0,0,0,0,0,0,0
725,726,一龍一豬,0,0,0,0,1,0,0,0,0,0,0,0,0
787,788,千峰萬壑,0,0,0,0,1,0,0,0,0,0,0,0,0
950,951,耕九餘三,0,1,0,0,0,0,0,0,0,0,0,0,0
775,776,千慮一得,0,0,0,0,1,0,0,0,0,0,0,0,0
773,774,門千戶萬,0,1,0,0,0,0,0,0,0,0,0,0,0
778,779,百鍛千鍊,0,0,0,0,1,0,0,0,0,0,0,0,0
770,771,勸百諷一,0,1,0,0,0,0,0,0,0,0,0,0,0
769,770,千岩萬壑,0,0,0,0,1,0,0,0,0,0,0,0,0
768,769,人千人萬,0,1,0,0,0,0,0,0,0,0,0,0,0
767,768,三言五語,0,0,0,0,1,0,0,0,0,0,0,0,0
766,767,四離四絕,0,0,0,0,1,0,0,0,0,0,0,0,0
779,780,有一無二,0,1,0,0,0,0,0,0,0,0,0,0,0
949,950,五鼎一餚,0,0,0,0,1,0,0,0,0,0,0,0,0
781,782,有一得一,0,1,0,0,0,0,0,0,0,0,0,0,0
784,785,求三拜四,0,1,0,0,0,0,0,0,0,0,0,0,0
763,764,一臺二妙,0,0,0,0,1,0,0,0,0,0,0,0,0
790,791,百巧千窮,0,0,0,0,1,0,0,0,0,0,0,0,0
753,754,一成一旅,0,0,0,0,1,0,0,0,0,0,0,0,0
761,762,金釵十二,1,0,0,0,0,0,0,0,0,0,0,0,0
794,795,半吐半吞,0,0,0,0,1,0,0,0,0,0,0,0,0
795,796,一語九鼎,0,0,0,0,1,0,0,0,0,0,0,0,0
797,798,五五三三,1,1,1,1,1,1,0,0,0,0,0,0,0
759,760,四處八方,0,0,0,0,1,0,0,0,0,0,0,0,0
798,799,百不一遇,0,0,0,0,1,0,0,0,0,0,0,0,0
758,759,一漿十餅,0,0,0,0,1,0,0,0,0,0,0,0,0
799,800,千倉萬箱,0,0,0,0,1,0,0,0,0,0,0,0,0
756,757,五令三申,0,0,0,0,1,0,0,0,0,0,0,0,0
755,756,一倡三嘆,0,0,0,0,1,0,0,0,0,0,0,0,0
800,801,撥萬論千,0,1,0,0,0,0,0,0,0,0,0,0,0
801,802,一日九遷,0,0,0,0,1,0,0,0,0,0,0,0,0
754,755,百無一長,0,0,0,0,1,0,0,0,0,0,0,0,0
802,803,一目五行,0,0,0,0,1,0,0,0,0,0,0,0,0
822,823,一身一口,0,0,0,0,1,0,0,0,0,0,0,0,0
724,725,調三幹四,0,1,0,0,0,0,0,0,0,0,0,0,0
675,676,萬緒千頭,0,0,0,0,1,0,0,0,0,0,0,0,0
688,689,半青半黃,0,0,0,0,1,0,0,0,0,0,0,0,0
699,700,無千大萬,0,1,0,0,0,0,0,0,0,0,0,0,0
698,699,百無一能,0,0,0,0,1,0,0,0,0,0,0,0,0
697,698,千金一笑,0,0,0,0,1,0,0,0,0,0,0,0,0
848,849,千伶百俐,0,0,0,0,1,0,0,0,0,0,0,0,0
696,697,三釁三浴,0,0,0,0,1,0,0,0,0,0,0,0,0
695,696,一時半霎,0,0,0,0,1,0,0,0,0,0,0,0,0
849,850,千真萬真,0,0,0,0,1,0,0,0,0,0,0,0,0
954,955,百舉百全,0,0,0,0,1,0,0,0,0,0,0,0,0
693,694,三千食客,0,0,0,0,0,1,0,0,0,0,0,0,0
852,853,九拿十穩,0,0,0,0,1,0,0,0,0,0,0,0,0
691,692,十十五五,1,1,1,1,1,1,0,0,0,0,0,0,0
690,691,殺一警百,0,1,0,0,0,0,0,0,0,0,0,0,0
853,854,七病八痛,0,0,0,0,1,0,0,0,0,0,0,0,0
689,690,得一望十,0,1,0,0,0,0,0,0,0,0,0,0,0
854,855,萬不失一,0,0,0,1,0,0,0,0,0,0,0,0,0
847,848,十羊九牧,0,0,0,0,1,0,0,0,0,0,0,0,0
687,688,三年二載,0,0,0,0,1,0,0,0,0,0,0,0,0
686,687,千狀萬態,0,0,0,0,1,0,0,0,0,0,0,0,0
685,686,九九歸源,0,0,0,0,0,1,0,0,0,0,0,0,0
684,685,萬化千變,0,0,0,0,1,0,0,0,0,0,0,0,0
855,856,十二屬肖,0,0,0,0,0,1,0,0,0,0,0,0,0
955,956,以一奉百,0,1,0,0,0,0,0,0,0,0,0,0,0
682,683,一壼千金,0,0,0,0,1,0,0,0,0,0,0,0,0
681,682,惟一無二,0,1,0,0,0,0,0,0,0,0,0,0,0
776,777,三迴九曲,0,0,0,0,1,0,0,0,0,0,0,0,0
679,680,萬剮千刀,0,0,0,0,1,0,0,0,0,0,0,0,0
678,679,八百孤寒,0,0,0,0,0,1,0,0,0,0,0,0,0
677,678,百計千心,0,0,0,0,1,0,0,0,0,0,0,0,0
956,957,二三其德,0,0,0,0,0,1,0,0,0,0,0,0,0
859,860,以一警百,0,1,0,0,0,0,0,0,0,0,0,0,0
700,701,千枝萬縷,0,0,0,0,1,0,0,0,0,0,0,0,0
703,704,三對六面,0,0,0,0,1,0,0,0,0,0,0,0,0
823,824,百死一生,0,0,0,0,1,0,0,0,0,0,0,0,0
715,716,七嘴八張,0,0,0,0,1,0,0,0,0,0,0,0,0
723,724,千辛百苦,0,0,0,0,1,0,0,0,0,0,0,0,0
722,723,帶甲十萬,1,0,0,0,0,0,0,0,0,0,0,0,0
824,825,百無一有,0,0,0,0,1,0,0,0,0,0,0,0,0
825,826,百卉千葩,0,0,0,0,1,0,0,0,0,0,0,0,0
826,827,九仞一簣,0,0,0,0,1,0,0,0,0,0,0,0,0
721,722,指一說十,0,1,0,0,0,0,0,0,0,0,0,0,0
827,828,千狀萬端,0,0,0,0,1,0,0,0,0,0,0,0,0
828,829,半斤八?,0,0,0,0,1,0,0,0,0,0,0,0,0
720,721,千載一合,0,0,0,0,1,0,0,0,0,0,0,0,0
829,830,一家一計,0,0,0,0,1,0,0,0,0,0,0,0,0
832,833,一斑半點,0,0,0,0,1,0,0,0,0,0,0,0,0
833,834,一趨一步,0,0,0,0,1,0,0,0,0,0,0,0,0
834,835,百靈百驗,0,0,0,0,1,0,0,0,0,0,0,0,0
835,836,三宮六苑,0,0,0,0,1,0,0,0,0,0,0,0,0
836,837,三槐九棘,0,0,0,0,1,0,0,0,0,0,0,0,0
704,705,一朝千古,0,0,0,0,1,0,0,0,0,0,0,0,0
714,715,千里萬馬,0,0,0,0,1,0,0,0,0,0,0,0,0
713,714,四通五達,0,0,0,0,1,0,0,0,0,0,0,0,0
952,953,八門五花,0,0,0,0,1,0,0,0,0,0,0,0,0
712,713,說五道六,0,1,0,0,0,0,0,0,0,0,0,0,0
711,712,六問三推,0,0,0,0,1,0,0,0,0,0,0,0,0
837,838,七縱七擒,0,0,0,0,1,0,0,0,0,0,0,0,0
710,711,三推六問,0,0,0,0,1,0,0,0,0,0,0,0,0
838,839,一身二任,0,0,0,0,1,0,0,0,0,0,0,0,0
708,709,百了千當,0,0,0,0,1,0,0,0,0,0,0,0,0
839,840,千載一會,0,0,0,0,1,0,0,0,0,0,0,0,0
707,708,七高八低,0,0,0,0,1,0,0,0,0,0,0,0,0
842,843,十朝半月,0,0,0,0,1,0,0,0,0,0,0,0,0
844,845,千金一刻,0,0,0,0,1,0,0,0,0,0,0,0,0
845,846,五黃六月,0,0,0,0,1,0,0,0,0,0,0,0,0
940,941,七擔八捱,0,0,0,0,1,0,0,0,0,0,0,0,0
0,1,七狼八虎,0,0,0,0,1,0,0,0,0,0,0,0,0
574,575,一鱗一爪,0,0,0,0,1,0,0,0,0,0,0,0,0
219,220,萬古千秋,0,0,0,0,1,0,0,0,0,0,0,0,0
190,191,三貞九烈,0,0,0,0,1,0,0,0,0,0,0,0,0
191,192,七青八黃,0,0,0,0,1,0,0,0,0,0,0,0,0
192,193,七拼八阻,0,0,0,0,1,0,0,0,0,0,0,0,0
193,194,桃三李四,0,1,0,0,0,0,0,0,0,0,0,0,0
194,195,三百千千,1,1,1,1,1,1,0,0,0,0,0,0,0
196,197,三朋四友,0,0,0,0,1,0,0,0,0,0,0,0,0
197,198,夾七夾八,0,1,0,0,0,0,0,0,0,0,0,0,0
198,199,捱三頂四,0,1,0,0,0,0,0,0,0,0,0,0,0
199,200,整千累萬,0,1,0,0,0,0,0,0,0,0,0,0,0
200,201,一隅反三,0,0,0,1,0,0,0,0,0,0,0,0,0
201,202,七瘡八孔,0,0,0,0,1,0,0,0,0,0,0,0,0
202,203,七抓八拿,0,0,0,0,1,0,0,0,0,0,0,0,0
203,204,以一譥百,0,1,0,0,0,0,0,0,0,0,0,0,0
206,207,狂三詐四,0,1,0,0,0,0,0,0,0,0,0,0,0
207,208,雀躍三百,1,0,0,0,0,0,0,0,0,0,0,0,0
208,209,九流百家,0,0,0,0,1,0,0,0,0,0,0,0,0
209,210,萬緒千端,0,0,0,0,1,0,0,0,0,0,0,0,0
210,211,推三宕四,0,1,0,0,0,0,0,0,0,0,0,0,0
212,213,一折一伏,0,0,0,0,1,0,0,0,0,0,0,0,0
213,214,三湘七澤,0,0,0,0,1,0,0,0,0,0,0,0,0
216,217,十蕩十決,0,0,0,0,1,0,0,0,0,0,0,0,0
189,190,三番四復,0,0,0,0,1,0,0,0,0,0,0,0,0
186,187,九九歸原,0,0,0,0,0,1,0,0,0,0,0,0,0
185,186,三差五錯,0,0,0,0,1,0,0,0,0,0,0,0,0
167,168,百計千謀,0,0,0,0,1,0,0,0,0,0,0,0,0
156,157,一杯一曲,0,0,0,0,1,0,0,0,0,0,0,0,0
157,158,千載一時,0,0,0,0,1,0,0,0,0,0,0,0,0
158,159,千撋百就,0,0,0,0,1,0,0,0,0,0,0,0,0
159,160,疊二連三,0,1,0,0,0,0,0,0,0,0,0,0,0
160,161,拿三搬四,0,1,0,0,0,0,0,0,0,0,0,0,0
161,162,十家九空,0,0,0,0,1,0,0,0,0,0,0,0,0
164,165,三親六眷,0,0,0,0,1,0,0,0,0,0,0,0,0
165,166,半面之一,0,0,0,1,0,0,0,0,0,0,0,0,0
166,167,十目十手,0,0,0,0,1,0,0,0,0,0,0,0,0
169,170,七子八?,0,0,0,0,1,0,0,0,0,0,0,0,0
184,185,三楫三讓,0,0,0,0,1,0,0,0,0,0,0,0,0
170,171,買鄰千萬,1,0,0,0,0,0,0,0,0,0,0,0,0
171,172,八街九陌,0,0,0,0,1,0,0,0,0,0,0,0,0
172,173,一言半字,0,0,0,0,1,0,0,0,0,0,0,0,0
174,175,三智五猜,0,0,0,0,1,0,0,0,0,0,0,0,0
175,176,萬口一詞,0,0,0,0,1,0,0,0,0,0,0,0,0
176,177,萬殊一轍,0,0,0,0,1,0,0,0,0,0,0,0,0
177,178,臣一主二,0,1,0,0,0,0,0,0,0,0,0,0,0
181,182,十八地獄,0,0,0,0,0,1,0,0,0,0,0,0,0
183,184,一諾千聲,0,0,0,0,1,0,0,0,0,0,0,0,0
217,218,一差二誤,0,0,0,0,1,0,0,0,0,0,0,0,0
220,221,一琴一鶴,0,0,0,0,1,0,0,0,0,0,0,0,0
572,573,四遠八方,0,0,0,0,1,0,0,0,0,0,0,0,0
224,225,一差二錯,0,0,0,0,1,0,0,0,0,0,0,0,0
263,264,一簞一瓢,0,0,0,0,1,0,0,0,0,0,0,0,0
264,265,百慮一致,0,0,0,0,1,0,0,0,0,0,0,0,0
266,267,九垓八埏,0,0,0,0,1,0,0,0,0,0,0,0,0
267,268,百無一二,1,0,0,1,1,0,0,0,0,0,0,0,0
268,269,八方四路,0,0,0,0,1,0,0,0,0,0,0,0,0
269,270,四德三從,0,0,0,0,1,0,0,0,0,0,0,0,0
270,271,一言半辭,0,0,0,0,1,0,0,0,0,0,0,0,0
271,272,十生九死,0,0,0,0,1,0,0,0,0,0,0,0,0
273,274,以一持萬,0,1,0,0,0,0,0,0,0,0,0,0,0
274,275,一步一計,0,0,0,0,1,0,0,0,0,0,0,0,0
276,277,百歲千秋,0,0,0,0,1,0,0,0,0,0,0,0,0
277,278,千嬌萬態,0,0,0,0,1,0,0,0,0,0,0,0,0
280,281,七言八語,0,0,0,0,1,0,0,0,0,0,0,0,0
284,285,萬壑千岩,0,0,0,0,1,0,0,0,0,0,0,0,0
285,286,三秋一日,0,0,0,0,1,0,0,0,0,0,0,0,0
286,287,半心半意,0,0,0,0,1,0,0,0,0,0,0,0,0
288,289,千無一失,0,0,0,0,1,0,0,0,0,0,0,0,0
289,290,二三其節,0,0,0,0,0,1,0,0,0,0,0,0,0
291,292,十死九生,0,0,0,0,1,0,0,0,0,0,0,0,0
292,293,三灣九轉,0,0,0,0,1,0,0,0,0,0,0,0,0
293,294,三頭八臂,0,0,0,0,1,0,0,0,0,0,0,0,0
262,263,百不一就,0,0,0,0,1,0,0,0,0,0,0,0,0
260,261,暮四朝三,0,1,0,0,0,0,0,0,0,0,0,0,0
259,260,一門一姓,0,0,0,0,1,0,0,0,0,0,0,0,0
244,245,一游一豫,0,0,0,0,1,0,0,0,0,0,0,0,0
230,231,一事一例,0,0,0,0,1,0,0,0,0,0,0,0,0
231,232,挂一漏萬,0,1,0,0,0,0,0,0,0,0,0,0,0
232,233,千里一曲,0,0,0,0,1,0,0,0,0,0,0,0,0
235,236,百孔千創,0,0,0,0,1,0,0,0,0,0,0,0,0
237,238,萬歲千秋,0,0,0,0,1,0,0,0,0,0,0,0,0
238,239,七稜八瓣,0,0,0,0,1,0,0,0,0,0,0,0,0
239,240,一缺十求,0,0,0,0,1,0,0,0,0,0,0,0,0
242,243,一折一磨,0,0,0,0,1,0,0,0,0,0,0,0,0
243,244,挑三攉四,0,1,0,0,0,0,0,0,0,0,0,0,0
245,246,千嚴萬壑,0,0,0,0,1,0,0,0,0,0,0,0,0
258,259,連三接二,0,1,0,0,0,0,0,0,0,0,0,0,0
246,247,推三諉四,0,1,0,0,0,0,0,0,0,0,0,0,0
247,248,千支萬派,0,0,0,0,1,0,0,0,0,0,0,0,0
248,249,萬落千村,0,0,0,0,1,0,0,0,0,0,0,0,0
250,251,接三換九,0,1,0,0,0,0,0,0,0,0,0,0,0
252,253,創一警百,0,1,0,0,0,0,0,0,0,0,0,0,0
253,254,八達四通,0,0,0,0,1,0,0,0,0,0,0,0,0
254,255,一息千里,0,0,0,0,1,0,0,0,0,0,0,0,0
256,257,一階半職,0,0,0,0,1,0,0,0,0,0,0,0,0
257,258,萬無失一,0,0,0,1,0,0,0,0,0,0,0,0,0
155,156,千村萬落,0,0,0,0,1,0,0,0,0,0,0,0,0
154,155,七拉八扯,0,0,0,0,1,0,0,0,0,0,0,0,0
152,153,一本萬殊,0,0,0,0,1,0,0,0,0,0,0,0,0
146,147,千變萬態,0,0,0,0,1,0,0,0,0,0,0,0,0
32,33,三反四復,0,0,0,0,1,0,0,0,0,0,0,0,0
33,34,四百四病,0,0,1,0,1,1,0,0,0,0,0,0,0
35,36,挑三離四,0,1,0,0,0,0,0,0,0,0,0,0,0
36,37,千了百當,0,0,0,0,1,0,0,0,0,0,0,0,0
38,39,四海五湖,0,0,0,0,1,0,0,0,0,0,0,0,0
39,40,推三挨四,0,1,0,0,0,0,0,0,0,0,0,0,0
40,41,一階半級,0,0,0,0,1,0,0,0,0,0,0,0,0
41,42,未知萬一,1,0,0,0,0,0,0,0,0,0,0,0,0
43,44,百不當一,0,0,0,1,0,0,0,0,0,0,0,0,0
45,46,一德一心,0,0,0,0,1,0,0,0,0,0,0,0,0
46,47,三長四短,0,0,0,0,1,0,0,0,0,0,0,0,0
48,49,萬人一心,0,0,0,0,1,0,0,0,0,0,0,0,0
49,50,五合六聚,0,0,0,0,1,0,0,0,0,0,0,0,0
50,51,二滿三平,0,0,0,0,1,0,0,0,0,0,0,0,0
51,52,三旬九食,0,0,0,0,1,0,0,0,0,0,0,0,0
52,53,一差半錯,0,0,0,0,1,0,0,0,0,0,0,0,0
53,54,一遞一口,0,0,0,0,1,0,0,0,0,0,0,0,0
57,58,一十一五,1,1,1,1,1,1,0,0,0,0,0,0,0
60,61,八怪七喇,0,0,0,0,1,0,0,0,0,0,0,0,0
62,63,三番四覆,0,0,0,0,1,0,0,0,0,0,0,0,0
63,64,攢三聚五,0,1,0,0,0,0,0,0,0,0,0,0,0
31,32,三病四痛,0,0,0,0,1,0,0,0,0,0,0,0,0
30,31,三科九等,0,0,0,0,1,0,0,0,0,0,0,0,0
28,29,七搭八搭,0,0,0,0,1,0,0,0,0,0,0,0,0
13,14,一永一觴,0,0,0,0,1,0,0,0,0,0,0,0,0
2,3,懲一戒百,0,1,0,0,0,0,0,0,0,0,0,0,0
3,4,九合一匡,0,0,0,0,1,0,0,0,0,0,0,0,0
5,6,整千整百,0,1,0,0,0,0,0,0,0,0,0,0,0
6,7,萬喚千呼,0,0,0,0,1,0,0,0,0,0,0,0,0
7,8,三薰三浴,0,0,0,0,1,0,0,0,0,0,0,0,0
8,9,掛一漏九,0,1,0,0,0,0,0,0,0,0,0,0,0
9,10,千回萬囀,0,0,0,0,1,0,0,0,0,0,0,0,0
11,12,萬頭千緒,0,0,0,0,1,0,0,0,0,0,0,0,0
12,13,千筆千言,0,0,0,0,1,0,0,0,0,0,0,0,0
14,15,翻三覆四,0,1,0,0,0,0,0,0,0,0,0,0,0
27,28,萬紅千翠,0,0,0,0,1,0,0,0,0,0,0,0,0
15,16,千依萬順,0,0,0,0,1,0,0,0,0,0,0,0,0
17,18,三墳五典,0,0,0,0,1,0,0,0,0,0,0,0,0
18,19,差三錯四,0,1,0,0,0,0,0,0,0,0,0,0,0
19,20,盈千纍萬,0,1,0,0,0,0,0,0,0,0,0,0,0
20,21,百折千回,0,0,0,0,1,0,0,0,0,0,0,0,0
21,22,四停八當,0,0,0,0,1,0,0,0,0,0,0,0,0
22,23,百羞五味,0,0,0,0,1,0,0,0,0,0,0,0,0
23,24,萬萬無疆,0,0,0,0,0,1,0,0,0,0,0,0,0
24,25,千歲一時,0,0,0,0,1,0,0,0,0,0,0,0,0
64,65,七准八折,0,0,0,0,1,0,0,0,0,0,0,0,0
65,66,一九牲畜,0,0,0,0,0,1,0,0,0,0,0,0,0
66,67,一領十起,0,0,0,0,1,0,0,0,0,0,0,0,0
129,130,一倡三歎,0,0,0,0,1,0,0,0,0,0,0,0,0
113,114,三省四勿,0,0,0,0,1,0,0,0,0,0,0,0,0
115,116,一發千鈞,0,0,0,0,1,0,0,0,0,0,0,0,0
117,118,駢四驪六,0,1,0,0,0,0,0,0,0,0,0,0,0
119,120,一筆三過,0,0,0,0,1,0,0,0,0,0,0,0,0
120,121,三翻四覆,0,0,0,0,1,0,0,0,0,0,0,0,0
122,123,擊一警百,0,1,0,0,0,0,0,0,0,0,0,0,0
125,126,一鱗半甲,0,0,0,0,1,0,0,0,0,0,0,0,0
126,127,用一當十,0,1,0,0,0,0,0,0,0,0,0,0,0
128,129,一毫一絲,0,0,0,0,1,0,0,0,0,0,0,0,0
131,132,一國三公,0,0,0,0,1,0,0,0,0,0,0,0,0
111,112,珠履三千,1,0,0,0,0,0,0,0,0,0,0,0,0
132,133,十拿十穩,0,0,0,0,1,0,0,0,0,0,0,0,0
133,134,一樹百獲,0,0,0,0,1,0,0,0,0,0,0,0,0
134,135,一了千明,0,0,0,0,1,0,0,0,0,0,0,0,0
137,138,千人一律,0,0,0,0,1,0,0,0,0,0,0,0,0
138,139,駢四儷六,0,1,0,0,0,0,0,0,0,0,0,0,0
139,140,四時八起,0,0,0,0,1,0,0,0,0,0,0,0,0
142,143,半就半推,0,0,0,0,1,0,0,0,0,0,0,0,0
144,145,千憂百慮,0,0,0,0,1,0,0,0,0,0,0,0,0
145,146,七損八傷,0,0,0,0,1,0,0,0,0,0,0,0,0
112,113,五侯九伯,0,0,0,0,1,0,0,0,0,0,0,0,0
108,109,累萬盈千,0,1,0,0,0,0,0,0,0,0,0,0,0
68,69,倒四顛三,0,1,0,0,0,0,0,0,0,0,0,0,0
86,87,千手一律,0,0,0,0,1,0,0,0,0,0,0,0,0
69,70,三浴三熏,0,0,0,0,1,0,0,0,0,0,0,0,0
70,71,十死一生,0,0,0,0,1,0,0,0,0,0,0,0,0
72,73,四級三審,0,0,0,0,1,0,0,0,0,0,0,0,0
73,74,萬口一談,0,0,0,0,1,0,0,0,0,0,0,0,0
74,75,百伶百俐,0,0,0,0,1,0,0,0,0,0,0,0,0
79,80,一予一奪,0,0,0,0,1,0,0,0,0,0,0,0,0
82,83,二三其意,0,0,0,0,0,1,0,0,0,0,0,0,0
84,85,巴三覽四,0,1,0,0,0,0,0,0,0,0,0,0,0
85,86,舉一廢百,0,1,0,0,0,0,0,0,0,0,0,0,0
87,88,三不拗六,0,0,0,1,0,0,0,0,0,0,0,0,0
106,107,說千說萬,0,1,0,0,0,0,0,0,0,0,0,0,0
89,90,四荒八極,0,0,0,0,1,0,0,0,0,0,0,0,0
90,91,的一確二,0,1,0,0,0,0,0,0,0,0,0,0,0
92,93,萬載一遇,0,0,0,0,1,0,0,0,0,0,0,0,0
93,94,十行一目,0,0,0,0,1,0,0,0,0,0,0,0,0
97,98,一差一錯,0,0,0,0,1,0,0,0,0,0,0,0,0
99,100,怕三怕四,0,1,0,0,0,0,0,0,0,0,0,0,0
101,102,百里之半,0,0,0,1,0,0,0,0,0,0,0,0,0
103,104,一夕九徙,0,0,0,0,1,0,0,0,0,0,0,0,0
105,106,千頭百緒,0,0,0,0,1,0,0,0,0,0,0,0,0
294,295,七大八小,0,0,0,0,1,0,0,0,0,0,0,0,0
295,296,七穿八穴,0,0,0,0,1,0,0,0,0,0,0,0,0
296,297,一夜十起,0,0,0,0,1,0,0,0,0,0,0,0,0
442,443,一成一變,0,0,0,0,1,0,0,0,0,0,0,0,0
474,475,以一馭萬,0,1,0,0,0,0,0,0,0,0,0,0,0
475,476,五裂四分,0,0,0,0,1,0,0,0,0,0,0,0,0
477,478,一蛇二首,0,0,0,0,1,0,0,0,0,0,0,0,0
479,480,教一識百,0,1,0,0,0,0,0,0,0,0,0,0,0
480,481,七十二候,0,0,1,0,1,1,0,0,0,0,0,0,0
481,482,一生九死,0,0,0,0,1,0,0,0,0,0,0,0,0
1,2,連三接四,0,1,0,0,0,0,0,0,0,0,0,0,0
483,484,帶甲百萬,1,0,0,0,0,0,0,0,0,0,0,0,0
487,488,四山五嶽,0,0,0,0,1,0,0,0,0,0,0,0,0
488,489,三十有室,0,0,0,0,0,1,0,0,0,0,0,0,0
490,491,張三呂四,0,1,0,0,0,0,0,0,0,0,0,0,0
491,492,一刀一鎗,0,0,0,0,1,0,0,0,0,0,0,0,0
492,493,三朝五日,0,0,0,0,1,0,0,0,0,0,0,0,0
493,494,三冬二夏,0,0,0,0,1,0,0,0,0,0,0,0,0
494,495,李四張三,0,1,0,0,0,0,0,0,0,0,0,0,0
495,496,一龍九種,0,0,0,0,1,0,0,0,0,0,0,0,0
496,497,賞一勸百,0,1,0,0,0,0,0,0,0,0,0,0,0
497,498,八兩半斤,0,0,0,0,1,0,0,0,0,0,0,0,0
498,499,九耕三餘,0,0,0,0,1,0,0,0,0,0,0,0,0
500,501,百慮一得,0,0,0,0,1,0,0,0,0,0,0,0,0
501,502,夾七帶八,0,1,0,0,0,0,0,0,0,0,0,0,0
472,473,一言半句,0,0,0,0,1,0,0,0,0,0,0,0,0
471,472,七肥八瘦,0,0,0,0,1,0,0,0,0,0,0,0,0
470,471,一般一配,0,0,0,0,1,0,0,0,0,0,0,0,0
456,457,百不一爽,0,0,0,0,1,0,0,0,0,0,0,0,0
445,446,千仇萬恨,0,0,0,0,1,0,0,0,0,0,0,0,0
446,447,千葩萬蕊,0,0,0,0,1,0,0,0,0,0,0,0,0
447,448,三徵七辟,0,0,0,0,1,0,0,0,0,0,0,0,0
448,449,百能百俐,0,0,0,0,1,0,0,0,0,0,0,0,0
449,450,掛一漏百,0,1,0,0,0,0,0,0,0,0,0,0,0
451,452,一窮二日,0,0,0,0,1,0,0,0,0,0,0,0,0
452,453,成三破二,0,1,0,0,0,0,0,0,0,0,0,0,0
453,454,千幅一律,0,0,0,0,1,0,0,0,0,0,0,0,0
455,456,五角六張,0,0,0,0,1,0,0,0,0,0,0,0,0
457,458,一狠百狠,0,0,0,0,1,0,0,0,0,0,0,0,0
469,470,一旦一夕,0,0,0,0,1,0,0,0,0,0,0,0,0
458,459,萬戶千門,0,0,0,0,1,0,0,0,0,0,0,0,0
460,461,歪七豎八,0,1,0,0,0,0,0,0,0,0,0,0,0
461,462,一裘一葛,0,0,0,0,1,0,0,0,0,0,0,0,0
462,463,一了百當,0,0,0,0,1,0,0,0,0,0,0,0,0
463,464,五雀六燕,0,0,0,0,1,0,0,0,0,0,0,0,0
464,465,一潭一水,0,0,0,0,1,0,0,0,0,0,0,0,0
466,467,四會五達,0,0,0,0,1,0,0,0,0,0,0,0,0
467,468,十室九虛,0,0,0,0,1,0,0,0,0,0,0,0,0
468,469,六通四達,0,0,0,0,1,0,0,0,0,0,0,0,0
502,503,千回百轉,0,0,0,0,1,0,0,0,0,0,0,0,0
503,504,一齊二整,0,0,0,0,1,0,0,0,0,0,0,0,0
504,505,一夕一朝,0,0,0,0,1,0,0,0,0,0,0,0,0
554,555,一還一報,0,0,0,0,1,0,0,0,0,0,0,0,0
540,541,十里挑一,0,0,0,1,0,0,0,0,0,0,0,0,0
541,542,三牲五鼎,0,0,0,0,1,0,0,0,0,0,0,0,0
543,544,懲一警百,0,1,0,0,0,0,0,0,0,0,0,0,0
545,546,遮三掩四,0,1,0,0,0,0,0,0,0,0,0,0,0
546,547,一暴十寒,0,0,0,0,1,0,0,0,0,0,0,0,0
547,548,丁一確二,0,1,0,0,0,0,0,0,0,0,0,0,0
548,549,三迴九轉,0,0,0,0,1,0,0,0,0,0,0,0,0
549,550,一兔百逐,0,0,0,0,1,0,0,0,0,0,0,0,0
550,551,萬嬌千媚,0,0,0,0,1,0,0,0,0,0,0,0,0
555,556,萬代千秋,0,0,0,0,1,0,0,0,0,0,0,0,0
537,538,萬計千方,0,0,0,0,1,0,0,0,0,0,0,0,0
556,557,千金一諾,0,0,0,0,1,0,0,0,0,0,0,0,0
557,558,百順百依,0,0,0,0,1,0,0,0,0,0,0,0,0
559,560,三班六房,0,0,0,0,1,0,0,0,0,0,0,0,0
560,561,不三小四,0,1,0,0,0,0,0,0,0,0,0,0,0
566,567,百不失一,0,0,0,1,0,0,0,0,0,0,0,0,0
567,568,七穿八洞,0,0,0,0,1,0,0,0,0,0,0,0,0
568,569,一息萬變,0,0,0,0,1,0,0,0,0,0,0,0,0
570,571,挑三窩四,0,1,0,0,0,0,0,0,0,0,0,0,0
571,572,一髮千鈞,0,0,0,0,1,0,0,0,0,0,0,0,0
539,540,三翻四復,0,0,0,0,1,0,0,0,0,0,0,0,0
536,537,罰一勸百,0,1,0,0,0,0,0,0,0,0,0,0,0
505,506,一差百錯,0,0,0,0,1,0,0,0,0,0,0,0,0
519,520,三網五常,0,0,0,0,1,0,0,0,0,0,0,0,0
507,508,六街三市,0,0,0,0,1,0,0,0,0,0,0,0,0
508,509,十成九穩,0,0,0,0,1,0,0,0,0,0,0,0,0
510,511,一舉千里,0,0,0,0,1,0,0,0,0,0,0,0,0
512,513,三千珠履,0,0,0,0,0,1,0,0,0,0,0,0,0
513,514,丁一卯二,0,1,0,0,0,0,0,0,0,0,0,0,0
514,515,千中揀一,0,0,0,1,0,0,0,0,0,0,0,0,0
515,516,成千累萬,0,1,0,0,0,0,0,0,0,0,0,0,0
516,517,七歪八扭,0,0,0,0,1,0,0,0,0,0,0,0,0
518,519,九五之位,0,0,0,0,0,1,0,0,0,0,0,0,0
520,521,貔貅百萬,1,0,0,0,0,0,0,0,0,0,0,0,0
535,536,百舉百捷,0,0,0,0,1,0,0,0,0,0,0,0,0
521,522,八節四時,0,0,0,0,1,0,0,0,0,0,0,0,0
523,524,盈千累百,0,1,0,0,0,0,0,0,0,0,0,0,0
524,525,一錯百錯,0,0,0,0,1,0,0,0,0,0,0,0,0
527,528,七步八叉,0,0,0,0,1,0,0,0,0,0,0,0,0
529,530,言十妄九,0,1,0,0,0,0,0,0,0,0,0,0,0
530,531,得一望二,0,1,0,0,0,0,0,0,0,0,0,0,0
532,533,一律千篇,0,0,0,0,1,0,0,0,0,0,0,0,0
533,534,千真萬碓,0,0,0,0,1,0,0,0,0,0,0,0,0
534,535,萬險千艱,0,0,0,0,1,0,0,0,0,0,0,0,0
444,445,十色五光,0,0,0,0,1,0,0,0,0,0,0,0,0
440,441,一遞一答,0,0,0,0,1,0,0,0,0,0,0,0,0
297,298,一噴一醒,0,0,0,0,1,0,0,0,0,0,0,0,0
439,440,九棘三槐,0,0,0,0,1,0,0,0,0,0,0,0,0
340,341,七推八阻,0,0,0,0,1,0,0,0,0,0,0,0,0
341,342,萬世一時,0,0,0,0,1,0,0,0,0,0,0,0,0
342,343,萬紅千紫,0,0,0,0,1,0,0,0,0,0,0,0,0
343,344,千變萬狀,0,0,0,0,1,0,0,0,0,0,0,0,0
344,345,十病九痛,0,0,0,0,1,0,0,0,0,0,0,0,0
345,346,百謀千計,0,0,0,0,1,0,0,0,0,0,0,0,0
346,347,千秋萬苦,0,0,0,0,1,0,0,0,0,0,0,0,0
348,349,距躍三百,1,0,0,0,0,0,0,0,0,0,0,0,0
350,351,五風十雨,0,0,0,0,1,0,0,0,0,0,0,0,0
351,352,三戰三走,0,0,0,0,1,0,0,0,0,0,0,0,0
353,354,三分四散,0,0,0,0,1,0,0,0,0,0,0,0,0
354,355,六府三事,0,0,0,0,1,0,0,0,0,0,0,0,0
355,356,百代一時,0,0,0,0,1,0,0,0,0,0,0,0,0
356,357,一吹一唱,0,0,0,0,1,0,0,0,0,0,0,0,0
357,358,一字一板,0,0,0,0,1,0,0,0,0,0,0,0,0
358,359,百堿D一,0,0,0,1,0,0,0,0,0,0,0,0,0
359,360,萬恨千愁,0,0,0,0,1,0,0,0,0,0,0,0,0
360,361,五積六受,0,0,0,0,1,0,0,0,0,0,0,0,0
361,362,千妥萬妥,0,0,0,0,1,0,0,0,0,0,0,0,0
363,364,念三道四,0,1,0,0,0,0,0,0,0,0,0,0,0
364,365,七拼八溱,0,0,0,0,1,0,0,0,0,0,0,0,0
335,336,三頭二面,0,0,0,0,1,0,0,0,0,0,0,0,0
334,335,七首八腳,0,0,0,0,1,0,0,0,0,0,0,0,0
333,334,四六偶對,0,0,0,0,0,1,0,0,0,0,0,0,0
313,314,猜三划五,0,1,0,0,0,0,0,0,0,0,0,0,0
298,299,殺一利百,0,1,0,0,0,0,0,0,0,0,0,0,0
299,300,一飯千金,0,0,0,0,1,0,0,0,0,0,0,0,0
300,301,萬廿一時,0,0,0,0,1,0,0,0,0,0,0,0,0
301,302,七平八穩,0,0,0,0,1,0,0,0,0,0,0,0,0
304,305,五帝三王,0,0,0,0,1,0,0,0,0,0,0,0,0
305,306,七老八大,0,0,0,0,1,0,0,0,0,0,0,0,0
307,308,一資半級,0,0,0,0,1,0,0,0,0,0,0,0,0
308,309,萬轉千回,0,0,0,0,1,0,0,0,0,0,0,0,0
311,312,千回萬轉,0,0,0,0,1,0,0,0,0,0,0,0,0
315,316,七擒八縱,0,0,0,0,1,0,0,0,0,0,0,0,0
331,332,五行八作,0,0,0,0,1,0,0,0,0,0,0,0,0
317,318,一厘一毫,0,0,0,0,1,0,0,0,0,0,0,0,0
318,319,百六之會,0,0,0,0,0,1,0,0,0,0,0,0,0
319,320,半城半鄉,0,0,0,0,1,0,0,0,0,0,0,0,0
322,323,五常三綱,0,0,0,0,1,0,0,0,0,0,0,0,0
324,325,三風十愆,0,0,0,0,1,0,0,0,0,0,0,0,0
325,326,萬載千秋,0,0,0,0,1,0,0,0,0,0,0,0,0
327,328,四不拗六,0,0,0,1,0,0,0,0,0,0,0,0,0
329,330,一隅三反,0,0,0,0,1,0,0,0,0,0,0,0,0
330,331,千妥萬當,0,0,0,0,1,0,0,0,0,0,0,0,0
366,367,三蛇九鼠,0,0,0,0,1,0,0,0,0,0,0,0,0
367,368,一縷千鈞,0,0,0,0,1,0,0,0,0,0,0,0,0
371,372,七停八當,0,0,0,0,1,0,0,0,0,0,0,0,0
425,426,一眼三關,0,0,0,0,1,0,0,0,0,0,0,0,0
410,411,千盤百折,0,0,0,0,1,0,0,0,0,0,0,0,0
412,413,百態千嬌,0,0,0,0,1,0,0,0,0,0,0,0,0
415,416,七十二行,0,0,1,0,1,1,0,0,0,0,0,0,0
416,417,萬代一時,0,0,0,0,1,0,0,0,0,0,0,0,0
417,418,一板三眼,0,0,0,0,1,0,0,0,0,0,0,0,0
418,419,七斷八續,0,0,0,0,1,0,0,0,0,0,0,0,0
421,422,一致百慮,0,0,0,0,1,0,0,0,0,0,0,0,0
422,423,一馬一鞍,0,0,0,0,1,0,0,0,0,0,0,0,0
424,425,丁一确二,0,1,0,0,0,0,0,0,0,0,0,0,0
426,427,二帝三王,0,0,0,0,1,0,0,0,0,0,0,0,0
407,408,百中百發,0,0,0,0,1,0,0,0,0,0,0,0,0
427,428,九流三教,0,0,0,0,1,0,0,0,0,0,0,0,0
428,429,八元八愷,0,0,0,0,1,0,0,0,0,0,0,0,0
430,431,一鞍一馬,0,0,0,0,1,0,0,0,0,0,0,0,0
431,432,一長半短,0,0,0,0,1,0,0,0,0,0,0,0,0
432,433,二三其志,0,0,0,0,0,1,0,0,0,0,0,0,0
434,435,一薰一蕕,0,0,0,0,1,0,0,0,0,0,0,0,0
435,436,一模二樣,0,0,0,0,1,0,0,0,0,0,0,0,0
436,437,三推五問,0,0,0,0,1,0,0,0,0,0,0,0,0
437,438,一薰一獲,0,0,0,0,1,0,0,0,0,0,0,0,0
409,410,三媒六證,0,0,0,0,1,0,0,0,0,0,0,0,0
406,407,耕三餘一,0,1,0,0,0,0,0,0,0,0,0,0,0
374,375,奮擊百萬,1,0,0,0,0,0,0,0,0,0,0,0,0
390,391,千愁萬歲,0,0,0,0,1,0,0,0,0,0,0,0,0
375,376,三釁三沐,0,0,0,0,1,0,0,0,0,0,0,0,0
377,378,一遞一聲,0,0,0,0,1,0,0,0,0,0,0,0,0
380,381,十風五雨,0,0,0,0,1,0,0,0,0,0,0,0,0
381,382,四起八拜,0,0,0,0,1,0,0,0,0,0,0,0,0
382,383,百不一失,0,0,0,0,1,0,0,0,0,0,0,0,0
384,385,半死半生,0,0,0,0,1,0,0,0,0,0,0,0,0
385,386,四平八滿,0,0,0,0,1,0,0,0,0,0,0,0,0
387,388,三五成?,0,0,0,0,0,1,0,0,0,0,0,0,0
388,389,一門千指,0,0,0,0,1,0,0,0,0,0,0,0,0
392,393,千歡萬悅,0,0,0,0,1,0,0,0,0,0,0,0,0
405,406,二三其操,0,0,0,0,0,1,0,0,0,0,0,0,0
393,394,三仕三巳,0,0,0,0,1,0,0,0,0,0,0,0,0
395,396,虎賁三千,1,0,0,0,0,0,0,0,0,0,0,0,0
398,399,六通四辟,0,0,0,0,1,0,0,0,0,0,0,0,0
399,400,事半功百,0,1,0,0,0,0,0,0,0,0,0,0,0
400,401,十捉九著,0,0,0,0,1,0,0,0,0,0,0,0,0
401,402,倒三顛四,0,1,0,0,0,0,0,0,0,0,0,0,0
402,403,百無一漏,0,0,0,0,1,0,0,0,0,0,0,0,0
403,404,半羞半喜,0,0,0,0,1,0,0,0,0,0,0,0,0
404,405,千謀百計,0,0,0,0,1,0,0,0,0,0,0,0,0
482,483,一壺千金,0,0,0,0,1,0,0,0,0,0,0,0,0
